vehicle_id,timestep,speed,acceleration,braking,lane_position,lane_change,heading_dev,proximity,label
28,16,89.42264259236228,4.098442039095959,0.035348658803653024,0.33334878739268536,0,4.427959250879681,9.490863562993564,2
17,42,99.26892243313866,8.031480041528514,0.04504899920181519,-0.9851690690697583,0,14.61188998961697,9.085904288797495,2
60,27,64.49218721285034,2.448586988174057,0.11042863222321989,-0.7166922223058211,0,-0.11074467394623609,33.549874345275164,0
92,41,61.28617450404967,-0.399424780986017,0.1352749608625513,-0.21370411567623818,0,-0.0703917619833149,36.1559809982345,0
48,42,127.01452481891494,4.375789557195098,0.13470243987252745,-1.1239858766659792,0,-6.401755038479745,9.405654644713598,2
153,14,68.93188347207251,0.10654467643437403,0.0,-0.23952543108035826,0,-1.0872550133532108,26.697897467926534,0
119,1,60.25385277972272,-0.003912509295078522,0.10954604675588285,0.10697006327285939,0,1.8313537122209738,22.600901864263278,0
2,11,59.73486124550783,0.5400178017231407,0.07943480881466136,-0.08169172529712337,0,-4.1544165394955685,32.85749983750476,0
10,30,18.19602131165504,-1.5631420694029394,0.9223199225832815,1.113238658903887,1,2.620578092952897,8.040272891043434,1
9,35,45.77746290402326,1.295207072669644,0.17354432862041588,-0.13564037672849583,0,3.4526358865825832,28.832862103033122,0
126,41,58.863333109185646,-0.6913348611627764,0.12826338562598924,0.22406402819170743,0,1.1379468884195751,32.14083863755731,0
49,10,125.5778565864468,11.659564342681712,0.044858746337685426,0.8637591167364997,1,15.678797472716987,0.0,2
12,44,96.62162343979995,5.468560986333054,0.0021130925472038556,1.542839943224707,0,9.95724493616381,3.0009889433353,2
27,26,96.24909220597443,3.823187864761629,0.13280902060893085,1.5661319830293308,1,2.782075447164532,4.936172988694441,2
147,11,66.63646347032841,-0.5750581961873702,0.09022891101347072,-0.012373448808844544,0,-2.296175018588086,31.630300239466994,0
27,4,54.2348959927328,0.6943263811492989,0.18178664249496362,-0.2800725755101167,0,-0.9893853791952201,27.678309909992166,0
117,14,54.33294891944947,0.9221734565070863,0.06866313687149263,-0.49517251798999623,0,3.0781121702004137,34.333261129028415,0
106,22,70.84198244043543,1.7632988002995693,0.17635226679048233,-0.2687744626709781,0,-3.425763816217523,23.46299061869651,0
24,39,83.76978150282652,5.354998961563688,0.05907010945834768,1.022412055267856,0,6.975324992041585,0.0,2
57,40,61.41257140087463,-0.35991109356667156,0.005339008978845261,0.228262104284041,0,1.6404014835513898,31.069113119525635,0
33,33,63.24359281721603,0.7791306255883522,0.25027276807992854,-0.3464952600547999,0,2.3401826640633043,30.282601317115112,0
57,27,105.19671941005292,5.56241382128716,0.05590336995244305,-0.9996415844298367,1,20.681019182560696,13.422759516472496,2
102,38,53.07649225766206,-2.39198188955614,0.10065368477351959,0.39528669879288536,0,3.3177037439172152,31.969309582528993,0
7,18,60.97676098548832,0.9752005416847661,0.04754632609999019,0.4386215645006302,0,0.3201099242665555,26.759752390579575,0
41,42,117.33240627633391,5.140241391827288,0.016240160286904858,0.34771230012248977,1,32.97084213640913,3.232433323644905,2
8,41,25.377555693151187,-6.1993384646816025,0.8649469886084652,1.5282453700966792,1,61.38060579991594,11.262982413716585,1
22,36,115.07327347754419,1.125258696473645,0.02750223405776122,-0.8110045425066454,1,21.511198278238115,5.581226805822482,2
15,48,102.6600603221496,6.918125541612485,0.08917481925872954,-0.2731766037908696,0,29.24824062261065,2.796386594142729,2
27,19,3.762702251858631,-6.283721915691419,0.9309723116893913,1.0052303515405085,1,28.883327819417303,8.59328847406855,1
81,32,76.78674673372566,-0.5082651460833204,0.19182428214350017,0.23145538229611168,0,2.6672523742166776,25.066471682003773,0
19,7,9.548777500243334,-7.800432495261367,0.8241913624816873,0.6367295876183474,1,46.12075293388887,9.051737389697008,1
127,5,57.64726090027561,-0.4076605785659349,0.33000306851444516,0.007210823485891746,0,-2.9316258253514045,33.88130508519324,0
124,1,49.02856350371186,0.7577341142099038,0.03533131469366088,-0.04499624140582351,0,-0.30992723009198553,28.573529480480712,0
32,37,115.98616307161092,0.9397843182805428,0.03627465664599562,-0.219309309730655,0,10.667936548664699,7.088754158287056,2
33,0,14.083206033030125,-3.3521482527251045,0.9865200606840179,1.842519252787467,0,41.22162346773354,6.349455335070612,1
123,12,47.48800863366322,-3.635200227540102,0.1478940188932631,-0.19394793493125237,0,0.2531267636364034,36.45764887643586,0
30,3,59.96625542589048,0.07468584263688564,0.174761024527205,-0.03254566855174474,1,-2.928508784019876,26.41442827876765,0
21,9,56.29385667913894,-1.4396081307988273,0.041479310309639875,-0.5995864575761816,0,-0.386280851806883,32.07046244606199,0
46,8,20.14844419896493,-12.68715758513288,0.9693617158172969,1.1689639402246157,1,49.55562633936178,0.0,1
47,12,34.66220641783205,-10.808182031222424,0.989011374757002,0.09371575860498316,1,14.170728240852496,9.844739646629545,1
116,42,45.064902217468564,1.383424078555975,0.24236311818185136,-0.16755891681034038,0,1.27920980584345,34.41461226505296,0
43,23,61.51757992248741,-0.32474193508197385,0.20045978671244824,-0.25016960552003403,0,-2.331140670559833,41.16486368095963,0
51,44,103.99609591598599,1.1796037338058194,0.07445447481833095,1.7205318590411591,0,22.182465399080208,8.296641898990892,2
8,8,61.20295631711899,-0.3894035615253766,0.0,0.29675546519281076,0,-0.21390490081710975,34.227497179878206,0
58,19,106.60173363612694,3.4886891093780923,0.0698919193179865,1.075548925501084,0,13.434519611907286,7.997606212062186,2
120,31,55.75168652474362,-1.663689978196383,0.047433968275614635,0.31615739059552506,0,-0.20723329199483428,35.92167564002331,0
125,25,60.84526983784325,-2.936200943778115,0.10154229708889838,0.0690702341212531,0,-0.65709558478256,34.67417964780122,0
3,23,15.528428341527848,0.35841240890999515,0.8989355391363302,0.3586024499346346,1,15.188325590987795,0.0,1
123,28,75.91400367762805,-0.40086533500970234,0.0,0.28830756371952815,0,-1.9060964280850041,33.06209297087127,0
86,33,61.99423985986767,2.3845978003314694,0.10057212810991224,0.08360053685929798,0,-3.293124367000104,26.456070059873095,0
67,30,81.65056067806603,-0.07728523746629531,0.08719488212703223,0.03145580713233185,0,-0.5531814673456689,29.400118075886873,0
56,17,63.6873314731752,0.42076656251858635,0.1830550290330134,0.5372568040337762,0,-1.8633055701746601,27.66035018890111,0
179,46,71.67217733304373,-0.7833087567250635,0.11158667794010879,-0.13720371686338673,0,-0.5449145164779637,33.10809322933575,0
50,9,3.352916952431528,-9.442123928166234,0.8871425318682032,1.1622225585394157,1,32.538646309829176,9.016257495197845,1
57,21,64.58386703551484,-0.19399479256662508,0.17443146423626893,-0.6090825454042009,0,1.2274477586932986,22.020866782567715,0
40,13,13.889695234262689,-6.648471660710125,0.8659600276463748,1.1203293357939703,0,25.48916098813279,7.825254836701674,1
55,23,16.54757005474531,-7.230847224844595,0.9963771694939663,0.42106781122510145,0,40.73170676200373,1.8371346015785672,1
153,37,65.43032279289652,0.5170003025139351,0.12446703490709578,0.2841173224974938,0,2.789314244440069,41.45885857880391,0
140,34,76.05355962361807,-0.563066199795102,0.03359902222775203,0.1043087490532851,0,-0.8184203274834952,25.575230752521655,0
36,14,15.435180214708558,-10.156487485233637,0.8195899036436987,0.40357505317866993,1,47.27376536310045,5.1832219278690985,1
54,32,96.08514471754171,1.199454903111464,0.027264705101635117,-0.5404465194657678,1,6.398147001339611,7.676032229438427,2
57,44,113.7470979874776,7.700629830947854,0.07564409764172911,0.10190314566605847,1,18.213513454075564,11.913145286026106,2
176,14,63.12865651490911,0.4925234462063564,0.045494919558371476,0.3573762958377482,0,0.8169779399309974,31.642309467908966,0
108,6,44.68464684756357,0.37490768630077576,0.1511643063469575,0.28671755788536946,0,-0.5413517599500351,36.407420634392786,0
41,36,26.795242997841314,-8.75720632296695,0.8417291272737518,0.6858278046877604,1,11.856540450617246,2.625423172830386,1
20,11,7.275019383920483,-1.443702826795839,0.8966873216114595,0.2923026850162127,0,3.8100015406606396,10.791616603344153,1
55,38,55.43879172525812,1.6038660672678657,0.0,-0.5397087834116755,0,-1.10211135764525,24.420541785313432,0
102,28,61.49597957518788,0.28722034517527945,0.05950813092965005,-0.3648982337481183,0,-0.34452707649404457,26.11476587556906,0
28,34,17.71561400110045,-8.15511762913758,0.9024252094748544,0.9741841273670466,0,9.980626661646461,6.52181685960142,1
75,36,63.16358321536145,0.1980569258851502,0.03926730895823029,0.2037258055247546,0,1.2070322202614048,26.942453979539977,0
15,29,66.20672097550678,0.36849758683903877,0.0,0.1307391829110579,0,-0.4450462147692842,26.465060549987975,0
38,6,16.29467137732916,-7.860433304502339,0.8467697627522172,0.6427003224083127,0,23.353791462626294,8.545985152115106,1
116,14,35.64687668217111,1.7679286668395335,0.0,0.3920581547938599,0,1.9347741363068747,31.031426368667184,0
151,11,48.714093269029654,-0.47495670452137745,0.02273153766259689,-0.20209399773319234,0,-3.448977336632482,37.97136189557143,0
38,41,0.0,-7.493168472007543,0.8362043877552424,0.9799442182659841,0,64.29748264829638,7.273983549296158,1
30,48,97.58067268222108,4.441279650752108,0.03852557483133547,0.9615787800914126,0,20.942525101267574,9.943323068447523,2
33,44,61.26379579546412,0.6847148540498922,0.03405731127836856,-0.3669172751674171,1,0.2545749774285139,31.000652086423354,0
175,33,48.35336651487605,1.138698946694648,0.15084471037977767,0.014686507337170283,0,1.999372468789701,31.228867123968307,0
44,3,47.06727042128836,-0.12107543239055386,0.24471347984448447,-0.13262429574112855,0,3.6574406452149875,31.462783285675705,0
45,26,117.51081121123474,3.4069163080094045,0.041802000847400704,-0.48086487841778125,0,25.33060631064792,10.614731006616308,2
37,7,17.38540958829692,-7.0754554620849195,0.9259301271194081,0.4127233201064262,1,7.139499609473599,4.701351433277337,1
94,39,67.01494781924714,-1.8689740758268767,0.0,0.1738418456738142,0,0.574138087424887,25.20792562056775,0
58,46,32.78233855969066,-5.115899051790752,0.9165043392138134,0.4205102062025079,1,16.53711882062684,2.2194652054585298,1
124,25,56.721935401234774,-0.07718027611369632,0.15604542529498075,0.022342492029326252,0,-1.7991133425804002,36.468364728795024,0
28,6,105.67702335274994,3.6904754176357226,0.04353632680198747,1.290591071853787,0,12.267586347359293,12.202585860744582,2
20,27,104.81640135800414,0.05805038730341927,0.0385123153036088,0.23335480351713636,1,16.807728096913145,1.6918801685534177,2
126,0,57.78400305614961,-2.431121163971628,0.017296243496521174,-0.13248886338920027,0,0.5313966741944142,25.837608434012633,0
46,32,13.367587514471456,-4.6326986699660955,0.8207411929924839,0.48484908896828066,0,32.34942802656494,2.2011038128662728,1
111,28,46.5182295457251,0.6802871657177568,0.028018644900672948,0.28599309292980346,0,-0.7759223299525386,25.171522049481627,0
166,49,72.84104695178897,-0.06442219957718869,0.09343195271930117,-0.40544892357818446,0,-2.448388233354822,26.327420273801838,0
126,30,73.18197067234026,-0.6133636006232359,0.3867106817187974,-0.09587298257885503,0,-0.4214325193123616,24.98448457086587,0
42,29,10.64639400137634,-7.640198572795663,0.9298552822690362,1.3347436669332713,0,36.27451323542709,0.0,1
156,34,62.17718201087167,0.6273984856213408,0.12217577464333892,-0.016612297261133283,0,0.5439223757993384,34.441178609179666,0
76,45,68.28229690184622,0.03660365656307895,0.1861418359876257,-0.3484146441762733,0,-0.1816482351507234,34.79213683163808,0
52,18,97.30243875027794,3.9302011551002396,0.015173305635961878,-0.23320504019272198,0,29.158502668828127,3.3049019502539965,2
57,30,123.10995927586924,2.575220196522416,0.11824258328171589,-0.33084924147965106,0,4.649568735591764,11.173203431380292,2
83,21,58.393688804745054,1.1478027917597526,0.0,-0.025666704952833064,0,-1.4530017004700173,35.81571495648508,0
152,22,51.96889166046685,1.330803915639862,0.21824765664496856,-0.2760166901225914,0,0.32188239428561743,28.509497899402756,0
15,42,62.715788371953735,0.18030505133750305,0.253281313232342,0.16066624164339197,0,0.4405479434680713,34.948352179065125,0
81,1,61.8125116260205,1.5798069574015499,0.12545406463995395,0.33737478853461117,0,0.6869181470092465,21.523748394357867,0
19,5,108.42387675782032,2.490366382990085,0.1148993288722659,1.0748549666711034,0,22.67173301466388,6.002169939473687,2
42,26,107.28466602610887,5.939151189737315,0.07934612318828443,1.1385995836302916,0,14.025619166823411,8.492797514302051,2
173,22,59.32553441444818,0.3798334550370854,0.2533759768355328,0.23620452625495392,0,1.4719534368019698,24.940644663822074,0
100,31,72.54338360757339,0.5018520493598908,0.06524123770551794,0.20975557546052304,0,1.042920137020725,34.73037553162738,0
2,4,35.12242951414373,-11.497297871087055,0.8987560748597753,0.6906055284826539,0,57.366721838345505,4.514431005377233,1
162,49,54.412004279376596,0.9104611024518411,0.0202225121971627,0.18306706896331015,0,5.32151910189039,26.39396466235978,0
24,5,60.405916912038826,1.1966271208272423,0.06476951266508296,0.5760185038699671,0,-3.606800903020742,23.171825517233028,0
143,24,73.74611267576554,0.5095013828244059,0.06574875920005468,-0.07513758119877832,0,1.5303372467455936,25.786122406513446,0
141,18,76.05619832565118,-1.768263509501486,0.025851527453996645,0.12907788827473982,0,1.815818815342707,25.182155749903902,0
45,2,106.3012522744591,0.1735535726836006,0.08040746064614988,-1.4261487213216704,1,15.955377727475291,7.489561166801922,2
57,4,108.85342461553857,5.377608309594538,0.0,-1.9110860089281587,0,30.609430262613472,4.534172465698159,2
50,43,108.40724726264936,3.5355352354099616,0.032775596153034645,-1.0571173248150068,1,3.5886433370842408,4.596990469133268,2
42,38,47.60892924346099,-0.5379439663331403,0.05218532772937216,-0.21325045155037323,0,-2.8793895923043347,35.18152905505347,0
1,3,121.00792284805972,2.9639820327290414,0.06525209045847315,0.026989760026073246,1,4.480950797533215,7.096367970472926,2
17,5,40.07048286569336,-6.106486821549549,0.9680506208312852,0.7879725642953893,1,22.7608827876984,4.290501087674265,1
68,3,59.01154798760694,0.6834146735600306,0.1997350656551526,-0.3643581093264425,0,-1.5960307605214643,37.26235323136644,0
6,13,36.05589632459625,-7.917201037145242,0.8539066340499346,1.022117873366118,0,35.82666545294732,9.916132814195787,1
13,12,59.672467297840015,-0.3449831619570674,0.02931465984856564,-0.23261370124096634,0,-1.5204241518940464,30.46405328407992,0
3,45,105.12726005395739,1.1657410882700399,0.13094128039146136,0.9683031912497362,1,17.98212562653842,8.312495496496465,2
6,22,112.31822146546477,6.160135750822594,0.16745493228884037,-0.7022793755868938,1,6.201567461540483,5.21435732155337,2
14,28,8.759298340486094,-4.226445358559649,0.9679711049419737,0.8639312412077474,1,35.94735312902626,2.9239582504407737,1
116,8,87.03027564405083,-0.7295729332203905,0.0,0.34560669085361306,0,-2.782858943849568,26.15552021518073,0
13,39,125.80549822242446,1.5956851904484686,0.020611466318918765,1.520277595303888,1,6.606319188300144,13.016815960266953,2
16,20,54.82711549899628,0.295195368158836,0.026771758956979752,-0.3894576045159069,0,-0.41426371600608697,40.260777082548636,0
41,17,58.65720837813696,0.45322190228289727,0.1487786017510898,-0.1764742203950297,0,2.227428114997255,33.75247200793088,0
47,40,25.839694589726076,-5.328628714769017,0.848975350513449,0.9177049489885658,0,30.808941731822475,8.780430899477524,1
50,25,24.37244492825695,-5.721002035313177,0.8700394171617405,0.8925966827837797,0,10.46645442834086,7.632763541007385,1
89,5,62.88728003009836,0.15121622133754703,0.320680493205447,0.3824500671852037,1,2.029335379491498,31.504944673869698,0
159,37,56.47912252546119,0.636180488684036,0.10812279240957656,0.2725571878764433,0,0.13277080288950383,32.856907204632634,0
30,12,104.00635699702703,6.001447901208751,0.04014735179300217,-0.05994247534776012,0,13.376686757386553,8.276600054384778,2
10,15,134.07611591042007,5.358357716909475,0.026257947298423706,-1.1822626416030606,1,17.329028458095618,11.242851041721867,2
127,36,59.75601432763843,-1.5485830336213924,0.06253376909278234,0.06037932377800958,0,2.661813430023811,20.274808342532204,0
156,17,51.03632452174819,1.5287788357103074,0.028925602011191667,-0.17709600717911397,0,0.6279673483029271,33.451750250123965,0
167,39,47.46598281704981,1.4218930887043426,0.0331632375268755,-0.2927068028115643,0,-0.7241453806958364,26.858579223711327,0
120,4,57.85849689288811,-0.7472173084867436,0.0071117541589834216,-0.1930465360946438,0,0.5958119139153537,35.37231074211045,0
79,40,43.10816962032739,-0.2422880981783883,0.04148141474007153,0.12190293575376566,0,1.8525574538327758,30.76738738038393,0
52,23,28.652813601999867,-5.646420286682035,0.9022537130684286,0.8600067732444061,0,16.283722925287037,6.244555698563104,1
34,23,38.77491236201642,-8.404652395954406,0.7908949787098227,0.6715296609174104,1,57.90752081359202,6.838785656952213,1
80,37,57.784867370478764,-0.6293742112064558,0.11317252880651515,-0.24218182380788125,0,-0.49345635542057054,34.986136410428806,0
109,7,57.22486381139767,0.9878344213079936,0.1281210529955878,0.5620720725085859,0,-1.602682286914286,26.474770070882734,0
122,42,59.8343159017748,-1.7230460292912313,0.17760028599347263,-0.1865686424876575,0,1.2055116393536487,32.522603467094655,0
6,8,65.47097381170038,0.2201893142051328,0.20530697175949125,0.027501414851329082,0,-0.10108051890041284,29.504305386800528,0
55,4,26.32312713993322,-12.155235816828018,0.863859290648799,0.7292591789981414,1,18.166449577101105,2.6674703151557813,1
135,4,40.584321993797786,-0.12148710544041103,0.19456674478849115,-0.05470854064787326,0,-0.45696989120168857,32.700356614914284,0
34,43,121.1847834073219,3.716202623315824,0.013849739964410412,1.3741160195141746,1,16.747373089650456,12.338019423819379,2
37,32,114.85092770320944,5.374346004239483,0.0,0.9119072864700235,0,17.37581486239107,3.174681003114567,2
56,35,124.32966577227663,2.252107677558399,0.04416577024308317,-0.4293047419298497,0,11.9521436704414,9.309240520811027,2
5,1,6.209549097397494,-4.202348095006297,0.951647055896977,1.4861840169832516,0,47.782697774322244,7.093751776072663,1
92,13,54.87625759323306,-0.7202785765879318,0.10194940232768564,-0.0874560161119292,0,0.8512574274064238,30.609325855079405,0
63,5,43.687241845390545,-0.9501525300518722,0.1690532462151185,0.34164787193138973,0,-2.2438208270370734,41.11066233821528,0
20,37,45.3562511979018,-0.3129289671900141,0.12848858997153173,0.19254103555275173,0,-2.7941074659853307,23.25984464296009,0
56,29,2.601358665649755,-9.342961275313879,0.9206755978327689,0.6317387815242593,1,20.005884425071493,4.9579849757137735,1
8,35,32.642968264154575,-6.703161260050053,0.976730277971569,-0.4292709191864761,0,63.691682462171755,9.600325380740667,1
110,22,67.5341946350243,0.31912084186854134,0.0,0.072742207690322,0,-1.6119842375696685,24.33328602688542,0
53,42,29.116524318608477,-5.039532206475674,0.934378127415946,1.0225930483703678,1,28.150566189814516,0.0,1
73,23,68.20158186755485,-0.17239269980923128,0.01487766083368737,0.11286149991755663,0,-0.850956261247569,22.874941127741423,0
48,6,47.004187630724026,-0.7706179501253388,0.0782470616166451,-0.2384319261692324,0,-5.809403547673157,23.41751477137548,0
39,23,117.2704724573642,4.42783890043338,0.018441519750020598,0.2089916768165508,0,22.454781517667598,9.293495112090934,2
52,43,53.4791111140694,-2.9667530687407306,0.22429502030420623,-0.057547936316024006,0,-0.980184937654944,30.21515200854977,0
67,21,48.04706236400755,-0.19572497908388292,0.10970406272444892,0.23730691160811543,0,-2.7906009381758254,34.15704591294589,0
1,20,63.61395605508414,0.9229775651404308,0.22103238499415534,-0.47712436102824646,0,-1.4131751984416532,28.88260838599147,0
163,5,56.139974243505606,-0.0897255763277786,0.34737591571125626,-0.2486571026942526,0,0.44570264712002666,19.24464425340216,0
24,32,34.22252421059291,-5.331974727570084,0.859480806924997,0.610304547109302,1,44.72403388450237,1.030840299341159,1
37,45,39.420414314504924,-6.603615721413376,0.8906251497723108,0.6576737921693305,0,48.40238696829243,7.502068570112491,1
30,38,114.8340683523269,3.093292928596737,0.11801982365025374,0.8779943364382394,0,34.06262362907275,4.226726389935369,2
19,3,20.769746005787972,-6.947898391395776,0.8771846989865966,0.6566407931874054,1,20.373428131848144,4.871836910035098,1
2,44,105.14337565261624,2.52429953499483,0.0773493590041887,-0.3627531692874205,0,24.168947647220605,17.046330950773793,2
35,26,102.23626830193824,4.92306400255418,0.044064141330446345,-0.5657096231465871,0,22.490211046490572,4.009731890922213,2
93,31,54.23580423665156,0.36731938784919665,0.0,-0.5042691856932681,0,-0.41730590604623646,29.53416821376025,0
136,28,58.271543251858894,1.9249405131870565,0.19946931513214716,-0.15638921851929857,0,-0.28799185266602545,34.10439156877734,0
29,46,86.13755691596083,4.904237760848461,0.004593407503898597,0.7138200935886291,1,10.016667595958967,3.9887122157383947,2
50,1,69.68184660532862,0.4203098174852043,0.17254915722630146,-0.030004276916071937,0,-0.8975350000486149,40.209683657521936,0
46,31,29.20869161243305,-13.074356110868123,0.9704410409495131,1.2242143596751993,1,48.51347189151657,9.888553652879835,1
34,28,102.79548340381976,5.233817474253918,0.01829870033416938,0.02474771324533273,0,13.192912040637836,6.075189378110912,2
42,37,119.60127174181686,6.512605878341175,0.10100174796073265,1.5327052224146311,1,15.304984173179868,7.286244540793414,2
42,3,101.02516516231118,3.8084663255917492,0.09090968753901196,-0.5692805144777457,1,-11.43628545793359,14.25076820310069,2
70,13,42.52363490171739,0.8381772195994377,0.17858464131561502,-0.2264153510826321,0,-1.1637862979513938,30.313699474325478,0
19,18,59.59842049355657,0.06338339263771817,0.0120129595289908,0.21395197263768034,0,1.3929718035938954,37.177627851582415,0
10,20,43.305947188786284,1.029604361419693,0.05316513114405506,0.24961291377888625,0,-2.374397105180691,36.619564668188374,0
43,46,19.474022949284862,-6.585607859123687,1.0,0.5973192743900523,1,26.198923422112905,8.087040200709666,1
27,19,51.15197285973099,1.764825883791736,0.0,-0.5852090683260323,0,-1.3765836235265143,24.159154580858086,0
66,30,69.13771621385585,-0.8839229498283454,0.2804104664586301,-0.5959037236533373,0,-1.484996299329676,25.543793226503976,0
137,2,60.32143146964561,-1.1098394892699073,0.0,0.1501473280927141,0,4.018784376040013,32.53638565407882,0
125,47,48.65979814065042,0.09643037952850442,0.07150304912118118,0.2539239483477909,0,-2.9039281734007636,26.947467223973163,0
123,20,51.1600114325356,-0.14158441929433813,0.0,0.030788888810301014,0,-1.3533524563766397,29.71207247537222,0
140,7,73.53453647621203,0.8047874435273991,0.01633312215769528,-0.22554530588642102,0,1.1911029569388119,22.867505911950623,0
174,23,63.20187854921873,-1.918589423559303,0.09105631407566649,-0.19090521821846432,0,-5.17356825912769,31.89633105855899,0
12,14,84.45751979616827,-0.4503681912566681,0.06107888548032362,0.2180471880542604,0,1.1800936597031444,34.28930470096894,0
42,8,124.32666760403463,2.8034965971138086,0.0,-0.6088443646560383,0,16.029333655840944,7.851584036067336,2
40,24,2.0774412045167345,-12.21971200115064,0.8627295013517584,0.3256303177816695,0,23.256331975936,8.141397253539836,1
23,0,21.47320907959707,-12.496786672558292,0.8002833639909644,0.35482791905666144,1,21.481373064625153,4.99988433497926,1
28,40,66.62881268667412,-0.31830101410433403,0.2973733442735852,-0.24551707641809611,0,-1.0576878394291462,26.49466597100689,0
51,43,23.060517686489863,-9.274459265538198,0.9171946986801824,0.7933773475251968,1,36.2649528635784,4.3181804242293484,1
131,2,63.97397023459234,-2.8562754133411574,0.19153183002721513,0.03683875537532452,0,-0.05212931670664493,29.934049004307408,0
98,44,77.48137069120835,-0.8665705544254966,0.17356085703155483,-0.0047215146506063375,0,-0.5389044962621479,34.7188087683873,0
55,30,68.74517074132523,-0.07984915348779596,0.1982438830728908,-0.52716442759845,0,1.2374658748704148,25.905260383037977,0
21,34,63.819354522315535,0.599089759263809,0.024673578826285805,0.6761807748882723,0,-1.3477140277476947,29.12612590061697,0
63,29,65.15628088443957,0.38416017796747753,0.05439583257140286,-0.07498307737847076,0,2.2145170998624772,26.796356045589977,0
52,3,18.139358162619967,-5.10870707820062,0.881782458042605,1.1654404219064989,1,45.334144894562094,8.164654807405638,1
15,37,0.0,-9.213713863760356,0.8382804600805046,0.6642013377010142,1,27.19997753276442,7.396649030647107,1
6,16,39.562511262619125,-6.361609923515178,0.9105912395467751,1.1059694968356786,1,47.25963568772548,2.669069576474426,1
7,14,107.4631144423606,4.230920009169822,0.0134805154556836,0.6233035172580594,1,9.557203688443833,7.180450583689779,2
44,12,68.82333062323409,0.6754908472654697,0.07898363524439925,-0.7049639392298943,0,-0.023902302215587357,33.52177904009654,0
20,13,108.21971182127834,7.567191300573435,0.05902846285328843,-0.4476728159314374,0,23.21896465398826,3.078973522382938,2
174,7,64.09140922775994,-1.2289449064718925,0.0,-0.2113852468473768,0,-4.4537138977631106,27.53779214521845,0
131,30,57.1209392313208,-0.04662476521466915,0.1810227832302433,-0.17860118242292325,0,0.7977232212922922,29.338349753116727,0
141,26,68.00701947545576,0.6690752544963648,0.06756981146797972,0.7815481653279893,0,-2.0804097300959254,24.250860084913654,0
130,14,61.45427217405759,0.3582345940144528,0.1436357593411119,-0.05544008967269563,0,-0.7567575113091508,16.27406489049635,0
95,25,67.82629826316519,-0.6337886457778004,0.19329016611095906,0.03598449514916654,0,-0.5758923661314351,30.14640770525346,0
24,36,105.29259831571297,3.9493673337888935,0.10445295000013954,-0.49870616444103333,0,9.19198823294182,7.753426981047627,2
38,26,96.65101282509067,3.9282131642697795,0.1381024541971362,0.43289911562481376,1,20.255200500064817,14.904367004558303,2
53,48,122.86684299428504,6.092336173055839,0.0,-0.6491159706095424,0,12.576369841870385,4.477799820058037,2
42,44,57.76797745365195,1.1851630314393404,0.16873732422375043,-0.5675431610124602,0,-0.968324235099853,24.278279013113245,0
43,48,0.0,-3.9212745830957587,1.0,1.1444495213254728,1,33.40999388891929,4.54961619249462,1
163,0,64.6725221518279,-0.7102708983119079,0.05454335774582377,-0.5529153079395833,0,-0.7739667058503391,30.3217832471995,0
60,12,47.1283643141575,-0.6465284794765146,0.005838223441629833,-0.34582024534189215,0,-3.2432784703627884,30.563110542730865,0
117,39,56.49221794398446,-0.5297782520307184,0.0,0.2900199961033522,0,2.4247189349252416,34.364744960232485,0
48,1,76.33174851638171,3.3335657894367836,0.09242642744630539,-0.35607747779450666,1,14.229570905656004,10.354818888491353,2
26,20,123.26178077932151,3.898404818400828,0.0,-1.377499974654996,1,-3.2575971810356137,13.9325203238403,2
61,6,54.44453220513133,-1.3708420448290057,0.1684083978776116,-0.006704385169406976,0,-0.12242865567370914,24.490272328426883,0
161,20,69.47511908575567,0.9626135747116324,0.029891049862388552,0.22587328611773408,0,-3.4367194369450362,28.42802672329588,0
20,20,0.7595066538111332,-6.123098259940159,0.9326390258812558,1.2429181139994387,1,51.234982448763404,5.421435198207693,1
19,48,54.28821010217203,0.49576557301551033,0.1281165142894617,-0.5100194840753907,0,-1.4811765845485827,25.1303944905739,0
107,12,60.61883352887135,-0.7893523659025773,0.16154392512912194,-0.7028194459530186,0,-0.2006199660759603,35.79972775043157,0
50,39,108.19301540424652,4.023491461413649,0.03977732291379556,-0.26114320580354944,0,21.121387454233695,8.043222517889317,2
61,44,51.36117039410234,0.6617366120969479,0.22576769778532044,0.005721420226113955,0,2.995406937342516,31.92727061071412,0
100,16,38.95250494280985,0.9230872924501295,0.10200032198274639,-0.5375215777383738,0,3.1127981813434302,29.94095215486185,0
10,41,53.801633857644,-7.503277035105768,0.8741413124317026,1.243611220940242,1,23.319343989449976,4.056065286069639,1
162,7,68.18765970848816,-0.23603419015604085,0.20773368872783698,-0.006768034882777653,0,-2.4209555388385606,25.76072066561212,0
93,5,81.54928677383143,-0.31660344290307396,0.005116812837665699,0.05548698597334944,0,-3.307757200064111,35.48987074551475,0
59,32,26.16049890139167,-12.339849742758245,0.7871941798512293,0.8199240980372206,1,11.492645903278614,6.367029692396715,1
53,9,65.53251219984784,-0.44859687310912016,0.31145434623013013,0.0006026790437176153,0,-0.7995764417016787,28.058142388979284,0
99,28,63.896045240919875,-0.3152781874521438,0.2238856034058374,0.23253855788128877,0,-0.44932510555550736,23.052624194432685,0
70,19,37.831811606459354,-0.08860610634860941,0.02324534987698469,-0.036365415216353544,0,-1.556441535628004,29.506383842780238,0
151,38,63.96366956467351,1.4779267361595356,0.24476799904711188,-0.09238712044195058,0,2.2676947973814934,32.93220384577786,0
128,6,59.17746300328547,-0.0971895438234364,0.1763512567174797,0.06440958935345402,0,-2.2652595727328673,25.15468712468924,0
60,41,61.569729609684344,-0.10140782972186395,0.03472637144364876,-0.02151345491262282,0,-1.4280847108722632,28.491305471585267,0
42,25,65.4711911517521,0.8995613767383077,0.24170770333431446,-0.10510975332474151,0,0.2705523649464399,28.94334544965172,0
25,12,65.38755992446369,0.5910905313252215,0.0700606156667757,0.3978954650578735,0,-4.980777790228342,35.766386233907674,0
126,10,58.14902350578781,-0.02264413013637428,0.08061448437027162,-0.2326107035271315,0,-0.00089084642495138,26.59358850591624,0
16,18,60.82283989275424,-1.0893426377121063,0.0662250967298065,0.3122560620189474,0,-0.7201411645738875,28.864791817982955,0
71,9,47.007836365541756,-1.4512192162599356,0.10579746966156636,0.6221128294469415,0,-1.5268898578114074,28.139588159123306,0
54,17,85.37652294705859,3.2566116407128494,0.0012985340233536771,-0.22958226009824326,1,9.019266101693514,6.159264576611993,2
91,27,78.20543907941816,0.4972179804531937,0.07460990372591245,-0.5507520952993658,0,1.80491283795701,27.602014257608108,0
3,49,101.56487175616348,0.6609415286532632,0.06091316190905605,-1.3850222815120878,1,5.747392430736774,9.997591113354861,2
132,22,63.65394241925141,-0.11226376719129758,0.2194046983662575,-0.6247935339141331,0,-1.427276911181515,21.08099284272828,0
96,2,46.04551495244928,2.4417885853297707,0.0,0.33804057728690257,0,1.0137387465426493,27.80267800076323,0
45,29,113.31255746942519,6.363145430889674,0.0024209535518861167,-0.29779916425507047,0,24.072618579729333,6.999721919913776,2
164,5,55.533569531853935,-0.12407722610303959,0.22225441529329892,0.4778793458392069,1,-0.4216631597853444,19.07830198376474,0
8,18,17.843727865620206,-7.46973140371703,0.8651970130372005,1.0560459569739575,1,29.393076761228134,6.67561733625471,1
123,35,52.51200203979946,-0.25908405908063087,0.011042351504497616,0.4688469796931251,0,-1.4394535220788662,31.593969533855315,0
26,19,58.13028697014554,2.060422698444699,0.13429829673663185,0.46613908393198844,0,-0.1678881915919116,17.556714741865243,0
9,4,0.0,-5.680896226041833,0.9143435177044392,1.1759736890840076,0,17.569354332631235,8.45002372021029,1
50,48,127.65629481360203,3.4791131401131836,0.0,0.09346329001261675,0,17.34913328359942,9.479123844373898,2
143,13,46.60510633471341,0.7656431064826952,0.09232409872372707,-0.17071854998613192,0,-1.3935829074872823,32.452691629444956,0
38,13,109.48649747026816,6.675498203845102,0.027076249518243816,0.7585292273595577,1,4.517650658762163,7.9668628600753735,2
44,22,22.725197406817372,-9.950557142822655,0.8604956092912526,0.7178271114898707,0,31.91349494754965,7.881750105763285,1
79,32,91.52056734512085,-0.9042951866515898,0.04900854981617275,0.0013468893700280806,0,-0.6658822222041009,29.654560577765018,0
38,8,48.060749936009444,-0.5430219463857897,0.133914168620787,0.21169670977147587,0,-0.6178289145852732,25.905852002472066,0
120,28,40.34444108523495,-0.21450256682421923,0.21045545249911912,0.008839715593805765,0,1.1473241241332743,23.831664971958162,0
23,34,4.868643212567832,-6.523601552128087,0.8765574938223436,0.8132279802059,0,10.535661213313173,0.3838420127426678,1
52,22,101.07934374319511,4.264830061114995,0.0,1.2042136712410911,1,36.0967767700742,16.076396670500525,2
51,4,51.31707268123634,0.4301429743153713,0.07670449865514663,0.06989660024442718,0,2.156714383899769,34.67125612784933,0
73,40,65.3335924470545,-0.4050110714506975,0.1982115312165061,0.4381245533809456,0,1.9474149887122612,32.19544446864447,0
57,10,54.68785705392401,0.42136025430670854,0.09720160073292052,0.6969207981662751,0,-0.6630894971440029,19.024103223001276,0
19,39,91.00759148992472,3.5401877145583613,0.08773046771334497,0.8690754880465863,0,42.448457037454745,11.61920951795646,2
167,12,46.763504291578215,0.46254792279774964,0.06312041351038389,-0.3308788465818435,0,-1.502467339366025,30.72719294007873,0
65,10,57.61889563687946,-1.9473398726619233,0.0,-0.22597199703067744,0,-1.721533033989576,32.94836817454663,0
68,29,71.01322957735762,-0.2731321437192525,0.07685919983467428,0.02049612390244095,0,-1.6108861201813172,26.060449479850938,0
9,20,87.28336612128055,7.283658047719014,0.02389112335041407,0.5597171262133431,1,17.659109002006936,11.672325953785142,2
35,8,76.12278257988646,0.4080960585699445,0.22922937468847077,-0.16993909475463684,0,-0.7268264924956532,25.62938195382947,0
13,18,30.706261414492815,-5.962216723181379,0.848152375968233,0.7491373746932523,1,18.682319881182895,4.840511878861948,1
36,28,31.298291812999423,-3.7926918504981693,0.8423627185725968,0.6884119457744717,1,8.21502602715151,0.0,1
163,30,27.584861746708796,-1.8494080058784057,0.009783363849523954,0.45209531019152316,0,0.5045604387480054,35.029274729082196,0
66,24,71.03877343316258,0.9497003842778697,0.029367029330370803,-0.132982051957669,0,-2.6972209323643237,29.186442881537584,0
19,27,35.76120673371044,-0.9009211185541528,0.23519573053984585,-0.23079423025638135,0,2.290782533331062,28.597557913769855,0
30,37,103.35192974606771,3.8075620037027007,0.11380129341617432,-0.45320104749885015,1,27.71679982401509,7.49305384963963,2
41,37,121.91676403885175,4.940938754930175,0.03919504698675646,1.0508644566544434,0,10.879002572494386,6.773745839919782,2
7,25,104.35194345960403,4.911391779331768,0.05640742139470792,0.6828474441540912,0,12.549297028606187,12.759318109536315,2
92,23,67.71796177235662,0.7385660392020614,0.07913827633621269,0.35282371789056743,0,-0.7972746276282986,31.84262979362772,0
27,43,117.5273853307205,2.4343552658109786,0.0041368789649361346,0.8195362343705477,0,8.054298409454965,13.778574511331303,2
1,46,98.01850352292821,0.10362278057352015,0.041350252666458316,-0.03690518853331054,0,27.5670258882223,8.178299879788172,2
104,38,61.79914369546417,0.9940020395062782,0.19348016626956546,0.3254774507694838,0,1.0787308866545433,31.438313353008535,0
25,41,84.9299951743279,-1.391983286797076,0.11279883636772642,0.08788958815892793,0,-0.3576523488033484,30.48425625466691,0
111,31,70.23056555252239,-3.329503797508129,0.012515872276678164,-0.12247953299868511,0,-0.3333682517881906,31.77228651750263,0
144,16,54.08605270161952,-1.4089039044254048,0.16514480508711066,0.07641078109382995,0,0.13172945767139216,31.61084491991835,0
28,19,79.64834210675795,4.198597365674859,0.12231611266443176,-0.16193154760217268,1,18.612247241856622,8.140428354563259,2
11,18,16.624892597736164,-5.823299271436497,0.9355613735163614,0.5091637890744776,1,29.644077118411595,0.0,1
134,6,55.86576229363558,-1.138782936976213,0.0,0.13761706272318885,0,1.1578401506569471,21.337702946699302,0
57,18,3.9158314290346574,-10.406974626604072,0.9075474907853488,0.5144083186083108,1,40.11972873060732,2.6844105460389223,1
40,18,20.310670006019073,-9.941103300807956,0.807425553937124,1.1506611617765456,1,-3.5348106970601307,4.1071028119612665,1
12,27,27.865506326599316,-10.837272887954983,0.9164910349261338,1.133116644967321,1,20.16424415534475,3.2034978119003212,1
151,47,49.4745280812989,-1.2287793509050138,0.18834934271051945,-0.2754598957921759,0,-2.886363240125514,30.376942456536067,0
19,3,74.4376460407326,-0.9607795582448903,0.15033287738455667,0.11556162985205412,0,-1.5006026220914366,28.18796701582508,0
6,0,51.710049890779274,0.42124737869098017,0.1383655023866789,0.22824876345675496,0,4.056858645651642,31.019416832072146,0
7,1,74.75356216949552,0.47993974114827864,0.07110227417338416,-0.6092348994374673,0,3.823976476394962,26.134745246790207,0
34,6,40.64289174103757,-7.9526805488586945,0.9069999110904807,0.7316911850954738,1,29.906224349739656,5.0055836764975075,1
40,17,39.961376355932465,-0.7474292532492047,0.0,-0.10803234517631245,0,-1.4328426986882186,31.469742171047162,0
16,32,128.41963783505872,4.298160687912448,0.0,0.5704861283507902,0,9.538701150470281,10.589739339325124,2
18,14,117.80616657337059,2.3907618350316238,0.09036779697304555,0.3637344309565076,1,25.289946566744675,9.136538600901874,2
23,22,61.04201103951876,0.6400266183843293,0.0,0.14763751529390218,0,0.846333973798018,29.431428270258518,0
159,25,63.209300619256574,0.4918781505788882,0.0,-0.4547870861070793,0,-1.1785162643595988,35.84231656126001,0
61,24,52.66967004476011,-1.0446665306312433,0.2581876093498988,0.20606202569165036,0,-0.8938721417327342,27.993075031430273,0
57,46,9.055652340251283,-6.191874554053027,0.8815258685404888,0.6751067294247716,1,46.68853827090104,0.83449170218279,1
132,15,59.98285846330936,0.64837277770979,0.0,-0.8863171797242158,0,-0.059140070949526016,31.854273812106015,0
40,11,16.57982443010724,-5.785062195286956,0.8878766820355719,0.9993204848815646,0,28.105008408475296,1.3474595575095947,1
115,31,53.15508269387203,-0.522781216566171,0.13936348765745665,0.03897821761614416,0,0.9363643718789324,29.687746214555784,0
33,4,95.86917182200813,7.14395971687029,0.05834447184060501,-0.023180048564331326,1,9.432981132859595,12.217968913493984,2
41,2,53.41883510924743,0.38714831606090655,0.0,-0.4181278607750593,0,0.36389837936627173,31.385720189150163,0
24,9,123.79611980364544,9.185450752484629,0.1029161816489828,1.1551849780493633,1,-1.7214644053775245,8.48025176329658,2
103,17,58.49385985370067,0.5200043808008099,0.0,-0.24710993255997582,0,-0.5810914245882882,33.15084359540718,0
100,0,55.76240317977297,-0.2242409555481863,0.3198837038261284,0.2196042816720571,0,-3.2029344028123004,35.96483684997339,0
26,44,20.940916480006386,-7.472406043291453,0.8875727220072477,0.31941996034603326,0,25.417322352728043,1.9347860129851169,1
19,9,64.47708560017315,0.4259109671014114,0.0026133846306743425,0.22220217430071737,0,3.085918668346997,36.50251138272503,0
51,25,93.8001919861619,4.507942453776124,0.035180545796973474,1.1655810073391635,1,23.206894522760617,5.166006909466155,2
20,43,59.61491530499293,0.1243847669077142,0.08944070407113218,-0.6405884250239064,0,-0.7446328738422879,27.779479687368,0
134,38,89.35406206388468,0.06593110857890049,0.03226874717498117,-0.05622136040785688,0,-0.899087160966936,27.579869405532968,0
103,44,41.53426952195583,-1.1301166323689484,0.0223287909140589,0.136620252058349,0,1.0877287916683038,28.557351489248536,0
43,43,92.05678526871253,4.953969773907677,0.0,-0.6108767343364112,0,15.830045731095048,6.138889337520958,2
21,29,68.50221742113493,-1.0397932245282346,0.0,0.14919852910956644,0,-0.6739925269049577,28.702203079479425,0
37,44,59.11637040794665,-0.3360666965057405,0.21871272524080254,-0.5525518723722838,1,-0.12589483863786566,34.25899455216888,0
174,11,55.47309851490466,0.6862885417318136,0.21597719623776945,-0.2885063154077337,1,1.2734539618393608,33.86298329392692,0
12,19,62.23884024279131,-0.6478722896465213,0.10988872158551838,-0.05843501073438232,0,-0.18046061262896035,25.349142347412503,0
32,15,128.09842873597896,4.3458608716547715,0.06281356079785338,-0.47995650992126815,0,12.25277968638357,8.574136102695087,2
29,1,102.83214373078052,3.4120770271549747,0.08774031250399447,0.01262372724932524,0,20.75165632860797,3.3019706709604577,2
12,34,6.130574478060893,-7.750035405591732,0.9018618509083851,0.9432934382434316,0,-0.44426903355822134,4.377916969954196,1
114,3,53.961410687630455,0.7629582567139714,0.2569634504577714,-0.6078963164268425,0,2.529165381374301,35.9149577295785,0
158,38,74.95458245242958,-0.38771686649156756,0.28476397080256943,-0.48445103146333185,0,0.00079805413662341,24.504778565331396,0
122,37,54.28816025915813,0.7746256352751506,0.18705507172005115,0.13945969206904346,0,0.8012594517457421,18.721954711455275,0
52,46,93.73610568919933,5.592756690060152,0.15415613377854465,-0.9769414259341483,0,18.000991827107665,7.058623058026521,2
2,31,103.400745273781,3.472407482159698,0.148980023371009,-0.09453636328905138,0,23.575060998227563,6.623534472301143,2
168,38,59.75870889545027,-0.4705391395294173,0.06823305862053478,0.17692881006313088,0,0.7525853293131379,34.279184110134594,0
85,39,66.05606232631312,0.3990047592438523,0.3368393468235372,-0.0327098026198572,0,2.7041933202751807,26.860760993733983,0
19,40,95.49893862045076,4.783541106899845,0.045944913630873094,-0.25631967461268684,1,29.375028660589656,12.763646015026062,2
126,6,51.894713701783736,0.07237551561489243,0.2581881124758253,0.014672039782617748,0,0.16752846599026192,23.86056456203264,0
1,19,0.0,-1.4519232459837257,0.9056277833585828,0.3546053103362864,1,33.869788570350046,3.642424579926182,1
14,4,120.39448853922998,0.7322272326486425,0.17668058870971837,0.5037993296724991,1,16.265590536568176,0.0,2
175,23,66.56929066342089,0.030268671108619073,0.11789564112864424,0.046231441948891394,0,4.165039628377479,32.563233936808274,0
3,27,6.880111810973222,-12.467340184892691,0.8684879299630996,1.3347896292805073,1,30.00300044188251,1.921975833137381,1
163,31,62.97160023808222,-0.3166834879634098,0.20088861367667624,-0.08284610933344659,0,-3.6144644853210948,24.962626343894435,0
72,47,62.127397758576606,-0.4564956095040957,0.16092851164158598,0.17321048946415898,0,1.88263763760402,37.444974788581796,0
31,7,129.9659750864418,3.0033623743970868,0.026052232077654225,-0.5934770794694507,0,23.584847017937985,8.595324619502518,2
59,36,123.94773152574633,3.313565441242554,0.06870971445711584,-1.0403394783217192,0,28.440478057595175,9.312276874943677,2
18,34,64.40014450053333,0.05990977407950356,0.06195314638826656,-0.12201210460986363,0,2.943285406106227,25.263198855170785,0
39,31,46.203818352110694,0.29967197733792633,0.15125995112727986,-0.04320027333866033,0,-2.8721392615406165,33.598477749231215,0
162,18,57.677264972005275,0.4546727409425804,0.0,-0.4584121224028065,0,-4.213246811825942,31.36285689719319,0
120,30,43.66077040940713,-0.9597323348329341,0.0,0.24859577781748018,0,2.5547194267229436,27.72987661812333,0
17,21,52.01702755461546,-1.227828566056992,0.133455763453788,-0.023494105028830477,0,-1.8036099604111515,21.257740880650314,0
115,41,34.93428429463283,-0.14717164784843637,0.10655537251502786,0.5692062282176461,0,-3.685812259820321,35.808467993651924,0
88,24,50.994096474639385,1.024773800665011,0.0,-0.22649194075116263,0,2.340065936027441,36.046610879815645,0
94,42,60.01619031356941,-0.7318592098580639,0.18978052814453256,-0.07090248693631156,0,1.865915932298744,27.77970219655272,0
24,16,53.26509375756132,0.896499670200166,0.30850296762606916,-0.30054443866871655,0,0.8673682785043174,33.5922539938815,0
60,35,64.46872500802698,-0.7133109002802115,0.19910594242225638,-0.028659872122661263,0,0.49543844287807187,28.844488595323924,0
51,37,57.97019362604343,-0.9427752402304745,0.23701389048045568,0.11794091505666755,0,-3.098668780598683,24.245545135740983,0
109,8,49.6369075262623,0.4463742447585357,0.10671876754939992,-0.1684482774687447,1,-0.7536904458731684,33.971987522804156,0
0,13,40.86719755342202,0.14880876167959034,0.04652491954090851,-0.04514589484503187,0,-1.2813171522746736,35.146191873067345,0
51,49,25.41265137847566,-10.762208770264339,0.857957926795554,0.7822703467057142,0,28.509953473289873,5.5961403900196744,1
166,31,71.43398107149552,-0.6081535516204094,0.017406764540872643,-0.2518150511757603,0,0.6985853631667888,32.72525762310033,0
6,13,91.60847231407654,4.295815939568346,0.03815125053642395,-0.68361193381655,0,27.58555803136119,9.670893733873278,2
26,36,132.22225077181722,5.62522319672302,0.0,-0.2832177761275078,0,28.22081222467908,6.830777567481583,2
128,41,58.71736519516169,-0.3870842444749391,0.0,-0.6576896724542832,0,1.2761634227891945,26.064814246386142,0
17,18,66.5854427267283,0.37969967741711247,0.18105949731485924,-0.3654185536318347,0,-0.13893106949701978,29.07906599525133,0
162,2,55.19425586797526,-1.8740555027312202,0.20626274973879888,0.06543206041027838,0,-0.8773686103648531,21.1500102851976,0
8,21,77.55340842443204,0.2802359460024943,0.08571733614048495,-0.011780534579086902,0,-0.767641102564842,33.004116051629765,0
151,14,63.63004284806077,-1.4456102007765625,0.23650583215122242,-0.54805333970137,0,-3.9513182794742665,30.932670303001874,0
9,5,52.07127167737656,-0.7322995497370884,0.1501894389860622,-0.08622270294771228,0,1.8039237473846932,28.367534571184425,0
81,8,69.61987189071841,-0.15308373300965544,0.06252161499616082,-0.6765875458926716,0,0.6748939279818343,25.865019135200527,0
65,42,72.76965386088187,1.12643371674603,0.12461177294504043,0.3477609574409714,0,0.0650140535526325,36.50490070189204,0
164,46,60.199954862064196,-0.7940837066054469,0.17583074262749673,-0.02060837090600901,0,0.05062019648152144,28.34167390373855,0
19,43,88.05913044676593,3.9835845719819005,0.11789582607377312,-1.0068815676034883,0,15.328696461287974,1.9234549719802239,2
31,33,136.69397723918752,-0.6983912236116021,0.1093437370562297,0.04917214738270275,1,17.16737666906372,4.709945394369655,2
31,14,55.163175276168964,-10.915008209907953,0.8805840063493278,1.341511494000534,0,5.884744480512261,9.96296089671049,1
56,45,146.08587693176386,5.758483121857255,0.0,-0.3773158463526396,0,-2.3183169388404963,13.38095911952528,2
48,49,53.094589476837406,-1.67308401250574,0.13209357543208677,0.19624151278539242,0,2.7876709100988104,30.51952571976421,0
56,49,16.89887717791563,-11.430695335404298,0.9066846674237693,0.6326206368541485,1,5.824980514833001,5.872111719205841,1
178,27,56.998712131718,-0.9086522819154584,0.018905919465529525,0.05464962490775764,0,-1.0869157306053792,30.167618369498847,0
159,8,60.9131472861135,-1.9865271419775223,0.15305956648893246,0.11668260936518243,0,1.5661251635042304,30.733952687618864,0
9,36,53.534271157574736,-0.16206210203682392,0.0,0.9396978452425384,0,-4.214024203416514,31.14581444559109,0
9,36,125.0023300232818,1.3412641647385293,0.13316837403042603,-1.2824977667010615,1,7.593869768808137,4.590171724472941,2
59,31,132.87342114214545,2.4895725819545693,0.0459435539327763,-0.32156433261736644,0,25.800406249819353,6.81525795253945,2
84,6,64.9406391897552,3.096588896142549,0.17339078818646242,-0.4200177789672735,0,-1.9061394191491183,33.15331840385048,0
23,19,9.294378462329398,-7.584106657946765,0.8494734077119898,0.8079217671798868,1,22.950529661615057,1.9744776849251156,1
81,44,72.34751914044796,1.2354837695030692,0.2298193911696611,0.4373576518981803,0,-1.785115602410279,18.130156598536036,0
30,30,2.282493045044152,-12.028619219012105,0.86503097279944,0.32953336191805144,1,25.504409511410625,4.611323054849837,1
35,4,19.423190732171403,-10.007564825548595,0.864629283583347,1.3089013283975515,1,50.8967999441258,6.181867737950199,1
8,34,97.53712324825115,6.809724414688223,0.03248530458194672,0.4952188128884193,1,12.211161085135288,7.704969289752958,2
1,8,63.31263431403564,-1.4822314236773086,0.22069703246322492,0.3589580360048651,0,3.079309221668329,34.3556909253089,0
25,18,52.64470057410233,-0.1482228888431208,0.053788403620014386,-0.06062607193137878,0,-1.5685535631800107,33.502173315796455,0
50,5,51.74589470021045,0.12466339340755687,0.10438045566072146,0.1053757888866807,1,-2.480238034799311,31.658829569420934,0
4,47,53.46670767426288,-0.9910911353316136,0.02318057649945178,-0.15686184401218312,0,-0.876346946825604,23.185586883624396,0
7,48,119.26767030123462,0.12414718310054473,0.01808395142535315,0.3165596434589103,0,6.148309094168274,5.672378688804564,2
76,43,46.282568707364945,-0.18186006579016192,0.08419059631408088,0.3569562611484307,0,1.8456805430549823,25.643801355364552,0
169,32,79.12688134356796,0.1538476602166413,0.033195609215148844,0.3995238170868513,0,-2.5482006067562137,30.546982357424753,0
148,11,60.97434110297303,-0.09515051205677928,0.15034142435493228,0.2872044782916743,0,1.0113433888684846,32.36390814179434,0
132,4,59.40345688007808,-0.7418206417017582,0.09026490057094042,-0.25550721790227027,0,3.3923812217382237,20.83260210272137,0
49,11,71.05763064498784,0.4740485051860155,0.08989880409733725,1.9167247887391312,1,19.043855099496493,13.665107292064617,2
39,6,38.64325786021304,-2.153588112944552,0.0,0.5630697826130043,0,5.67282402220274,41.28389262993762,0
44,4,50.43563623181991,1.3655603704321775,0.16734588757272226,-0.09372406914933357,0,0.3687823501648238,21.180063326375265,0
63,14,48.456373317670156,1.5583499601419777,0.041650640653023624,0.33382164091716965,0,0.4018500740471043,29.43605756604516,0
73,12,63.73348559711398,-0.9023171545945426,0.23191010274459878,-0.5266939837331666,0,-0.7585877085719918,28.47869115051986,0
60,45,39.50058721422522,0.25149366994199174,0.16779632895993346,0.03239426673494587,0,1.129236323541104,24.816985992111416,0
93,0,57.513841462333225,0.3777117601138336,0.225773846750366,0.15238292356350774,0,-2.089952349505384,33.24835855572324,0
27,9,0.0,-5.954641271219375,0.8145810168678922,0.2287504822194849,0,18.23629752794695,6.5134549658294,1
17,21,110.43379306583206,1.3045183295769567,0.008291916636346784,-1.5841703399061542,1,8.395224286608261,10.763225795778554,2
105,9,80.22590230569482,0.12555852247357793,0.030992540605646518,-0.38559039587249055,0,2.190762750399609,38.47685323445588,0
46,47,93.95856010981487,4.218211975261184,0.0,-0.4167278164587555,0,18.61675407810193,6.078181548517019,2
178,12,57.769743187335976,-0.2313759574900389,0.0,-0.40961220449887575,0,-2.296032346485491,34.76824389415778,0
19,24,79.34152250783092,3.2970695394130227,0.1400631311408354,-0.5234309345122523,0,-0.5032966969043411,1.1246733794486543,2
28,10,12.438635209700998,-9.075010816527666,0.9334248552419355,0.1800500603475731,1,48.935010473380004,5.357357536640438,1
55,35,14.480757746315803,-6.076848778057767,0.9955642830975274,0.7817273940078283,1,47.41743526905071,4.94049917505313,1
19,48,105.09349629506451,4.259860360964658,0.09786019890626305,-0.01890220725805153,0,8.024679054558362,11.059593915398805,2
160,36,44.46964722160179,0.2425959371534602,0.0,0.1473519173647638,0,-5.231556645228034,36.90819251356293,0
27,22,16.414156289842957,-3.4162396647779136,0.8880962610997036,0.6456561192341597,1,43.81468800025809,5.34514989801074,1
50,35,15.276943897323823,-2.2300418702800595,0.8632497328149594,1.0183605941491358,1,54.69207276441788,4.728067788418873,1
41,29,106.78471579840124,5.07476386022293,0.0219526265319618,0.23360037473759554,1,11.068807589595014,14.145652159048579,2
106,34,52.28259185403218,-0.935082836427547,0.09878044334061056,0.12777457276862225,0,0.771198559612247,27.46462235157737,0
57,33,124.14160161880818,3.0787632743961604,0.06800151831941882,0.415327698980522,0,10.83033240636981,4.997961849907789,2
87,46,50.993286174875195,0.28244976405560046,0.05449912542788618,0.11695963636048218,0,-3.001475763437556,26.23752865454359,0
36,29,60.188496229448475,-0.5953056976939823,0.044656875402477994,-0.15918503163454564,1,-1.7593769709642442,26.388670345534177,0
38,43,108.19748140073135,4.45446456393483,0.027992176756358733,-0.7026549454632725,1,13.12153587022641,5.675553479075796,2
2,17,98.97326931947065,4.92386916993691,0.0,-1.3666588426651933,0,12.419340248814596,14.269460539375004,2
103,23,50.048260401007624,1.9008887896036848,0.0,-0.42185255588018844,0,2.6588250539124836,23.623602307103212,0
45,40,85.54758935737942,3.1424159162305245,0.050884132347667775,0.39641174093551057,0,15.476343252665252,18.09856185427865,2
10,31,18.27520627772392,-4.759583622397702,0.9027752734527182,1.163012667201273,1,9.810291582253832,9.024389616460335,1
107,9,57.25154699330208,-0.9311652607769599,0.0,-0.19364315329458853,1,-1.6305923722878966,30.55667287346473,0
40,24,83.2018239089451,4.323856835715029,0.10658207453886666,0.5520662910827484,0,0.4424287336132977,8.564393849463348,2
19,2,27.54109967344832,-7.317313326847516,0.9421543619648335,0.7981677653670957,1,20.59722585838523,5.772807816872829,1
169,37,50.153663129820444,0.9456890374971552,0.05645259519618289,-0.4731204803018446,0,-2.226309705155627,35.95880060573482,0
34,15,59.094667176958396,-1.5184156988286825,0.0885182960351574,0.5201923345401488,0,-2.5957581402789454,23.72991494975708,0
133,5,78.16755629575104,0.048668043162752445,0.0,0.1806971049015286,0,-2.561166144691833,26.79234120249599,0
58,3,63.29508735573009,-0.9770721461414011,0.0,-0.023048310303439755,0,0.5713227631995459,21.849143323115275,0
16,1,113.08744691965993,0.13624147747832938,0.0,0.6326885781853201,1,17.769284195596192,11.315651112223057,2
146,45,49.820885095228405,0.7587561926560389,0.19844850024346566,-0.2643752832516445,0,-0.700406183815748,33.758397886955386,0
90,37,56.96649932522866,0.7762935907473221,0.2025493586266253,-0.36107886461793964,0,-1.646310900359045,32.361581380353314,0
72,18,71.94762861876937,0.4003682894625609,0.14730079549674052,0.22732299523435684,0,-0.6685666166270784,28.051594638736244,0
93,16,53.58333179869618,1.7563779876279924,0.0,0.2518286757593081,0,1.3752214708221506,30.859052506592878,0
19,34,0.0,-9.385776596353832,0.8641339431762965,-0.1326459558383457,1,45.13353785247698,2.3316751165645258,1
59,47,121.12871292155859,4.176764827125502,0.014777307741051508,0.383415036312968,0,19.260231932485837,8.78429892787011,2
53,35,63.16155957182778,0.5069763458281417,0.0,0.09434720170946115,0,-2.107055340426928,33.93354329414611,0
119,8,55.54349696970006,-0.6380301656523745,0.16906175221456182,-0.20623714160128898,0,0.7149025506682162,29.64597306313843,0
36,10,45.73271544499153,-6.398542705821013,0.8982575802605169,0.23501213983717162,1,26.114075337090213,5.973489860274244,1
6,35,94.81146748959463,3.068695221308636,0.007850950855917471,-0.2415327524522362,1,12.795633962415037,0.0,2
117,21,62.08322508625592,0.86535870905007,0.2862895553113848,0.0145360486268245,0,-3.10830810375922,30.4024035443366,0
52,39,63.979270499468086,0.6084916486780788,0.19383913340595865,0.23512244404913368,0,-0.09348746832772868,25.59523238778563,0
36,33,18.473728696181997,-4.76563629095873,0.9251698133565451,0.7105099321277581,1,24.522864752300116,6.771147402365557,1
123,34,59.38902491994132,-0.2811940121974293,0.12849649151626974,-0.0845268996616025,0,-1.8308134823036957,25.796806327553217,0
0,44,0.0,-10.503101239866751,1.0,0.8904827147631472,0,18.840111050043312,3.818417806375822,1
85,2,62.09534230262794,-0.9081539486076704,0.0,-0.4103475892851883,1,-0.32037627822742604,18.090447005144718,0
58,31,55.444604739761296,2.1772934475490655,0.17661375845266775,-0.13044738632237304,0,-2.014515834077174,23.649869073515646,0
54,15,17.403404790567606,-3.6325300202163344,0.8969219667081038,0.8361762339391423,0,38.790908457461114,1.9876178133926459,1
104,2,61.4945608966331,-1.3283517915128675,0.13881822927241516,0.11371410940693207,0,1.1753303176962153,31.9336765047113,0
19,35,48.416353108074574,-0.39272623842581755,0.0,0.6661055382379475,0,-0.8261530683834902,31.986122050879754,0
55,42,107.57505313377983,4.500794907808015,0.0,0.9544011457125152,0,-1.2412960000392168,7.055048199325489,2
38,4,100.95283412262657,5.7353534570072755,0.11573731401135608,-0.411889281284809,1,10.897334785955284,7.417082004702778,2
142,26,60.230806589504205,1.3336385618598274,0.10065478917183739,-0.2092895716198602,0,-1.52861625933208,30.70029107077596,0
68,0,64.914294527202,0.757056001819417,0.11210092431988117,0.2678469349670878,0,-1.1072686572912296,25.184075702357866,0
88,2,51.20717217588012,-0.05158125721557804,0.18693971750787908,-0.27671538871850615,0,2.6135801646639263,32.65316109382069,0
126,24,55.0843806098107,-0.46524542916908107,0.1540456804789177,-0.18093421632325643,0,1.5540612667495137,33.36849777101224,0
144,27,59.49199211380466,-0.021362372441476974,0.07463815210530463,-0.4736734696339746,1,-0.8752354714966675,29.282143252889014,0
169,42,58.86841505543916,0.38213127589080353,0.3642910482624304,-0.22121613082899919,0,-0.22964544556014405,22.32931168375724,0
56,21,77.57226938566815,3.272194741960928,0.06619553291773496,0.8327668072536213,0,36.797525863032575,1.4225833746330414,2
169,15,56.18862303326581,-1.1804984869976387,0.0,0.02811977393192378,0,-3.4953589360578112,36.00996473495905,0
43,36,35.20017303830264,-9.846739396167466,0.9294999149898899,1.3107790969112934,1,25.75863727247096,2.2509742620150894,1
36,43,25.532786188013468,-5.625481361898824,0.969272372595557,0.3731241172030293,1,-17.745648984855116,0.0,1
23,34,83.04792055968801,5.035823883911151,0.10683862797544612,-0.8111481845622474,0,23.28788058282572,7.681745218275367,2
1,17,33.79011543528752,-8.806616562414696,0.8226286466681626,0.4070054612128443,0,21.445611652213827,0.4804523471086046,1
40,21,62.773769379581914,-1.6239178425699672,0.12049891473089099,-0.15257489367389918,1,2.684952853538527,34.131443439988466,0
27,2,41.141028055704425,-8.37759906315427,0.8564599874592437,0.6532151158971193,0,38.90076682602438,5.27128327279961,1
40,20,117.97139463497783,5.001081367336304,0.06911250315571772,0.685472996146852,1,33.63488975172431,6.807130752764156,2
5,16,76.32411303931636,-0.24691832748945464,0.0,-0.1776191016847446,0,2.5966895523245372,32.13175369878397,0
4,45,133.33155855474104,7.100822287153731,0.04842514404717816,0.3833545652493019,1,16.409672719313953,9.813121282626277,2
4,38,12.092927456846873,-4.7813158483338665,0.9037461821109755,1.0107706293695269,0,30.427365058486536,8.591277439579068,1
61,3,52.16246478875571,-0.660147867336476,0.11626344699001771,-0.6431058686785618,0,0.4725246673335234,35.702117260573715,0
5,1,107.71582548856948,3.0197676745230386,0.08340610617836017,-0.17396550449934767,0,-1.6148759173447544,7.631120147138511,2
53,29,116.39636316722435,2.5707194353364686,0.06810004417573325,0.369612262482628,1,31.269874239939742,6.567563853278912,2
32,44,49.376064718531204,-0.7877224332655192,0.2568199690527486,0.18151054224353083,0,1.3871328441040183,22.557337383874287,0
117,13,42.060788868080365,-0.22669326989871927,0.1357821062519898,-0.22064702720776638,1,-2.0087523002902565,24.97811973690199,0
20,29,122.04958916608406,5.736752162205553,0.09721045010861651,-0.15827580475498368,0,3.5118159919844327,5.268352672698194,2
38,14,109.42665056024416,2.031536501748727,0.04973352144466812,-0.42619632332872454,0,8.455512731631751,1.0672209164887239,2
6,25,47.85811387212268,0.36191427073052657,0.15980922727774546,-0.29290552531747854,0,-0.8035521733259822,34.36388985414061,0
12,19,76.51119310470386,2.853786105898579,0.0,-0.9797277175952719,0,21.300459118710243,12.553022083012603,2
62,15,62.51473608940512,0.7193276018294383,0.0,0.11804852205119269,0,-0.5161391528932459,35.25743921386137,0
168,24,66.13460165671837,0.7645995976355802,0.07891546572741928,-0.20020607645300742,0,0.7966619767059276,33.508700206327696,0
30,25,102.00458218021834,5.390579841877394,0.08228490719159726,-1.315392703128284,0,8.681618034158234,5.640345149953921,2
64,0,61.85175536829914,0.3308635310669119,0.2914904504978405,-0.7970321985341993,0,0.3390647662560039,25.320848572666943,0
156,43,56.04716451983819,0.10718646478241609,0.2501938548798467,-0.04468062921649131,0,-1.6609914616782455,32.56589364876402,0
20,16,53.48581996385552,-1.0736928461974642,0.1324504322370813,-0.4315911048707248,0,1.5351114201317984,33.63521384473416,0
158,24,56.81841498382071,0.2828281601187029,0.15568683168289862,-0.018917294517481135,1,1.1462291110814844,27.649040227183093,0
114,19,40.95055545989361,0.5285392018314015,0.03889856482394369,0.4044168562946195,0,-0.1778671029294369,38.116597354442824,0
54,37,152.79718005686607,2.949135679344244,0.028806455841396943,-1.9278547505891455,0,2.9823171492849347,6.675084910172747,2
66,31,44.54270213309267,0.1430849370279944,0.06903182179632722,0.22896108578269683,1,-0.5139568466681455,31.25352867374602,0
130,15,52.96289600668567,1.8838110311848022,0.08924957795419494,0.16283172485163375,0,0.5755443361196659,25.83159795041071,0
106,13,61.884757610181026,-0.2308489679037105,0.0,-0.0020884037508183562,0,2.8441585272093723,22.687718007706,0
157,15,49.82415222786624,0.5951573238847284,0.12259874601043051,-0.24331677720942269,0,0.3332324772399802,28.296964206985802,0
153,43,58.39869860402063,-0.31213136754128723,0.10430837422021201,-0.046610092006650956,0,1.7624567843925927,35.40782652152135,0
41,33,18.715408056047853,-6.631866801817279,0.8972730085997692,-0.003908387381597045,0,28.478602095691514,7.914484372521223,1
39,32,53.73282775410035,-0.40602915441271537,0.024688841980268827,-0.16899634637580235,0,-1.4236677568692726,28.814185853491676,0
3,46,128.33175436297614,2.5177074793208574,0.0,0.5159094110464743,0,-3.0148956289419715,10.293729583022843,2
4,18,55.14636452170897,-0.9001602278736629,0.08294073352099313,0.22828037322408726,0,2.0574273732620605,36.99509330777917,0
64,31,39.74192126888623,0.543339596999048,0.0,-0.10118369085943356,0,0.06458723735597273,22.8136025621517,0
